timestamp,system_uptime,frame_id,fps,counts,event,confidence,note,extra
2025-08-29T16:41:53.365268,1756456913.3652685,,7.405093148401859,{},,,,
2025-08-29T16:41:53.483719,1756456913.4837196,,7.88975459638008,{},,,,
2025-08-29T16:41:53.522629,1756456913.5226297,,10.294437872146164,{},,,,
2025-08-29T16:41:53.558050,1756456913.5580504,,12.23922834836377,{},,,,
2025-08-29T16:41:53.594809,1756456913.5948093,,13.714297672204305,{},,,,
2025-08-29T16:41:53.640884,1756456913.6408842,,14.61070212677018,{},,,,
2025-08-29T16:41:53.676735,1756456913.676735,,15.677188028789086,{},,,,
2025-08-29T16:41:53.716184,1756456913.7161846,,16.46231657735016,{},,,,
2025-08-29T16:41:53.759194,1756456913.7591941,,17.014266320270146,{},,,,
2025-08-29T16:41:53.795119,1756456913.795119,,17.702474790362853,{},,,,
2025-08-29T16:41:53.838398,1756456913.838398,,18.086997428707292,{},,,,
2025-08-29T16:41:53.945645,1756456913.945645,,16.773391666699993,"{""person"": 1}",,,,
2025-08-29T16:41:54.030558,1756456914.0315464,,16.243257639038667,"{""person"": 1}",,,,
2025-08-29T16:41:54.073091,1756456914.0730915,,16.610010146431648,{},,,,
2025-08-29T16:41:54.107274,1756456914.107274,,17.102831100376367,"{""person"": 1}",,,,
2025-08-29T16:41:54.180241,1756456914.1802416,,16.841833906239767,"{""person"": 1}",,,,
2025-08-29T16:41:54.226860,1756456914.2268608,,17.057406987436927,"{""person"": 1}",,,,
2025-08-29T16:41:54.272939,1756456914.2729394,,17.26265726693032,{},,,,
2025-08-29T16:41:54.309983,1756456914.309983,,17.59655610678966,{},,,,
2025-08-29T16:41:54.341555,1756456914.3415554,,17.996469618033952,{},,,,
2025-08-29T16:41:54.375981,1756456914.3759813,,18.3285248910396,{},,,,
2025-08-29T16:41:54.420930,1756456914.4209301,,18.476466378624373,"{""person"": 1}",,,,
2025-08-29T16:41:54.461661,1756456914.4616616,,18.677392161957354,{},,,,
2025-08-29T16:41:54.495273,1756456914.4952736,,18.971622465389608,{},,,,
2025-08-29T16:41:54.532449,1756456914.5324497,,19.19793420666465,{},,,,
2025-08-29T16:41:54.568879,1756456914.5688791,,19.42251123253407,{},,,,
2025-08-29T16:41:54.603174,1756456914.6031747,,19.665706183990693,{},,,,
2025-08-29T16:41:54.635625,1756456914.635626,,19.923156395078,{},,,,
2025-08-29T16:41:54.671880,1756456914.6718805,,20.115780811333586,{},,,,
2025-08-29T16:41:54.707051,1756456914.7070513,,20.313848982274376,{},,,,
2025-08-29T16:41:54.740282,1756456914.7402828,,20.529033244095494,{},,,,
2025-08-29T16:41:54.774484,1756456914.7744844,,20.721924420356803,{},,,,
2025-08-29T16:41:54.810944,1756456914.810944,,20.876591607464906,{},,,,
2025-08-29T16:41:54.850225,1756456914.850225,,20.98767124759392,"{""person"": 1}",,,,
2025-08-29T16:41:54.895353,1756456914.895353,,21.019420255989075,"{""person"": 1}",,,,
2025-08-29T16:41:54.942516,1756456914.9425166,,21.02447246996811,"{""person"": 1}",,,,
2025-08-29T16:41:54.986141,1756456914.9861417,,21.071630175958944,"{""person"": 1, ""mouse"": 1}",,,,
2025-08-29T16:41:55.031429,1756456915.0314295,,21.097008336693232,"{""person"": 1, ""mouse"": 1}",,,,
2025-08-29T16:41:55.078793,1756456915.078793,,21.097425649559145,"{""mouse"": 1}",,,,
2025-08-29T16:41:55.123331,1756456915.123331,,21.12931105378579,"{""mouse"": 1}",,,,
2025-08-29T16:41:55.169087,1756456915.1690874,,21.146434538468377,"{""mouse"": 1}",,,,
2025-08-29T16:41:55.211585,1756456915.2115858,,21.19756681488213,"{""mouse"": 1}",,,,
2025-08-29T16:41:55.254005,1756456915.2540054,,21.247377669027355,"{""mouse"": 1}",,,,
2025-08-29T16:41:55.299186,1756456915.2991862,,21.266723877477904,"{""mouse"": 1}",,,,
2025-08-29T16:41:55.343215,1756456915.3432157,,21.296841079061036,"{""mouse"": 1}",,,,
2025-08-29T16:41:55.387960,1756456915.3879607,,21.318657257512932,"{""mouse"": 1}",,,,
2025-08-29T16:41:55.428821,1756456915.4288213,,21.377288220581818,"{""mouse"": 1}",,,,
2025-08-29T16:41:55.474553,1756456915.474553,,21.38725936004557,"{""remote"": 1}",,,,
2025-08-29T16:41:55.515389,1756456915.515389,,21.44267463856595,"{""remote"": 1, ""mouse"": 1, ""laptop"": 1}",,,,
2025-08-29T16:41:55.568262,1756456915.568262,,21.38547216913632,"{""mouse"": 1, ""remote"": 1}",,,,
2025-08-29T16:41:55.616885,1756456915.6168852,,21.368784559776145,"{""remote"": 1, ""laptop"": 1, ""person"": 1}",,,,
2025-08-29T16:41:55.664771,1756456915.664771,,21.35922902853635,"{""mouse"": 1, ""person"": 1, ""remote"": 1, ""laptop"": 1}",,,,
2025-08-29T16:41:55.714816,1756456915.714816,,21.3314888747616,"{""mouse"": 1, ""tv"": 1, ""person"": 1}",,,,
2025-08-29T16:41:55.761494,1756456915.7614949,,21.333176602231724,"{""mouse"": 1, ""tv"": 1, ""person"": 1}",,,,
2025-08-29T16:41:55.806979,1756456915.8069792,,21.34469315121601,"{""remote"": 1, ""mouse"": 1, ""person"": 1, ""keyboard"": 1, ""scissors"": 1}",,,,
2025-08-29T16:41:55.862181,1756456915.8621817,,21.276956408427733,"{""mouse"": 1, ""scissors"": 2, ""person"": 1, ""laptop"": 1, ""keyboard"": 1}",,,,
2025-08-29T16:41:55.928134,1756456915.928135,,21.12747598523098,"{""scissors"": 2, ""remote"": 1, ""laptop"": 1, ""mouse"": 2, ""person"": 1}",,,,
2025-08-29T16:41:55.983503,1756456915.9835038,,21.065802176863468,"{""scissors"": 2, ""remote"": 1, ""person"": 1, ""laptop"": 1, ""keyboard"": 1}",,,,
2025-08-29T16:41:56.038542,1756456916.0385425,,21.009030020718345,"{""scissors"": 2, ""person"": 1, ""mouse"": 1, ""remote"": 1}",,,,
2025-08-29T16:41:56.095176,1756456916.095177,,20.94276906853042,"{""scissors"": 1, ""remote"": 1, ""person"": 1, ""keyboard"": 1}",,,,
2025-08-29T16:41:56.154884,1756456916.1548848,,20.857135706661833,"{""person"": 1, ""remote"": 1, ""laptop"": 1, ""mouse"": 1}",,,,
2025-08-29T16:41:56.213454,1756456916.213455,,20.78285192935615,"{""remote"": 1, ""laptop"": 1, ""mouse"": 1, ""keyboard"": 1}",,,,
2025-08-29T16:41:56.268055,1756456916.268056,,20.738490144982794,"{""remote"": 1, ""laptop"": 1, ""mouse"": 1, ""skateboard"": 1}",,,,
2025-08-29T16:41:56.318054,1756456916.318055,,20.72653878856256,"{""remote"": 1, ""mouse"": 1, ""person"": 1, ""keyboard"": 1}",,,,
2025-08-29T16:41:56.372843,1756456916.3728433,,20.68339866555811,"{""remote"": 1, ""person"": 2}",,,,
2025-08-29T16:41:56.423925,1756456916.4239252,,20.665692795944622,"{""remote"": 1, ""person"": 2}",,,,
2025-08-29T16:41:56.472319,1756456916.4723198,,20.66565899361436,"{""remote"": 1}",,,,
2025-08-29T16:41:56.519274,1756456916.519275,,20.674671246014032,"{""person"": 1}",,,,
2025-08-29T16:41:56.566807,1756456916.5668073,,20.679851671729917,"{""remote"": 1}",,,,
2025-08-29T16:41:56.608292,1756456916.6082923,,20.721915645232187,"{""remote"": 1}",,,,
2025-08-29T16:41:56.650320,1756456916.6503203,,20.759663250682436,"{""mouse"": 1, ""remote"": 1}",,,,
2025-08-29T16:41:56.694310,1756456916.6943102,,20.784715922265587,"{""mouse"": 1, ""remote"": 1}",,,,
2025-08-29T16:41:56.740244,1756456916.7402442,,20.797614902566092,"{""mouse"": 1, ""keyboard"": 1, ""remote"": 2}",,,,
2025-08-29T16:41:56.788007,1756456916.7880073,,20.79948158525279,"{""mouse"": 1, ""keyboard"": 1, ""remote"": 1}",,,,
2025-08-29T16:41:56.841805,1756456916.841805,,20.76654177277762,"{""skateboard"": 1, ""cell phone"": 1}",,,,
2025-08-29T16:41:56.892379,1756456916.8923793,,20.752819416279088,"{""cell phone"": 2}",,,,
2025-08-29T16:41:56.933422,1756456916.933422,,20.792851348950954,"{""mouse"": 1}",,,,
2025-08-29T16:41:56.973074,1756456916.973075,,20.83974202869101,"{""mouse"": 1, ""keyboard"": 1}",,,,
2025-08-29T16:41:57.019752,1756456917.0197527,,20.846931874104797,"{""mouse"": 1, ""keyboard"": 1}",,,,
2025-08-29T16:41:57.067271,1756456917.0672717,,20.849375238252648,"{""mouse"": 1, ""keyboard"": 1, ""remote"": 1}",,,,
2025-08-29T16:41:57.116155,1756456917.1161559,,20.844433291591944,"{""mouse"": 1}",,,,
2025-08-29T16:41:57.161040,1756456917.1610408,,20.860816480541583,"{""mouse"": 1}",,,,
2025-08-29T16:41:57.207324,1756456917.207325,,20.869484564054027,"{""mouse"": 1, ""cell phone"": 2, ""laptop"": 1}",,,,
2025-08-29T16:41:57.257898,1756456917.257899,,20.855716153235807,"{""mouse"": 1, ""cell phone"": 3, ""laptop"": 1, ""keyboard"": 1}",,,,
2025-08-29T16:41:57.308920,1756456917.3089209,,20.84000120416536,"{""mouse"": 2, ""cell phone"": 3, ""laptop"": 1, ""keyboard"": 1}",,,,
2025-08-29T16:41:57.366887,1756456917.366888,,20.78971035681736,"{""mouse"": 2, ""cell phone"": 3, ""laptop"": 1, ""keyboard"": 1}",,,,
2025-08-29T16:41:57.425356,1756456917.4253561,,20.738332940243755,"{""mouse"": 2, ""cell phone"": 3, ""laptop"": 1}",,,,
2025-08-29T16:41:57.477917,1756456917.4779177,,20.71713593579833,"{""mouse"": 1, ""laptop"": 1, ""cell phone"": 2}",,,,
2025-08-29T16:41:57.527403,1756456917.5274036,,20.711270092192112,"{""mouse"": 1, ""laptop"": 1, ""keyboard"": 1, ""cell phone"": 2}",,,,
2025-08-29T16:41:57.578229,1756456917.5782294,,20.69915704178469,"{""mouse"": 1, ""laptop"": 1, ""cell phone"": 2, ""keyboard"": 2, ""sink"": 1, ""remote"": 1}",,,,
2025-08-29T16:41:57.640303,1756456917.6403036,,20.634558788746734,"{""mouse"": 1, ""laptop"": 1, ""cell phone"": 3, ""keyboard"": 1}",,,,
2025-08-29T16:41:57.693026,1756456917.6930268,,20.61485830315527,"{""mouse"": 1, ""cell phone"": 3, ""laptop"": 1, ""keyboard"": 1, ""sink"": 1}",,,,
2025-08-29T16:41:57.754169,1756456917.754169,,20.557289511120306,"{""mouse"": 1, ""cell phone"": 3, ""laptop"": 1, ""remote"": 2, ""sink"": 1, ""keyboard"": 1}",,,,
2025-08-29T16:41:57.819037,1756456917.8190374,,20.484608483592837,"{""sink"": 1, ""mouse"": 1, ""laptop"": 1, ""remote"": 1, ""keyboard"": 1, ""cell phone"": 3}",,,,
2025-08-29T16:41:57.878696,1756456917.8786967,,20.436830137490205,"{""mouse"": 1, ""cell phone"": 2, ""laptop"": 1, ""keyboard"": 2}",,,,
2025-08-29T16:41:57.931152,1756456917.9311526,,20.421507123202716,"{""mouse"": 1, ""laptop"": 1, ""keyboard"": 1}",,,,
2025-08-29T16:41:57.980379,1756456917.980379,,20.420395626590295,"{""mouse"": 1, ""banana"": 1, ""laptop"": 1, ""keyboard"": 2}",,,,
2025-08-29T16:41:58.032759,1756456918.03276,,20.40589564185307,"{""mouse"": 1, ""laptop"": 1, ""banana"": 1, ""keyboard"": 1, ""skateboard"": 1, ""traffic light"": 1}",,,,
2025-08-29T16:41:58.090409,1756456918.090409,,20.369604363661196,"{""mouse"": 1, ""laptop"": 1, ""banana"": 1, ""keyboard"": 2, ""cell phone"": 1}",,,,
2025-08-29T16:41:58.150014,1756456918.1500142,,20.326079571463865,"{""mouse"": 1, ""keyboard"": 2, ""banana"": 1, ""laptop"": 1, ""cell phone"": 1}",,,,
2025-08-29T16:41:58.203915,1756456918.2039156,,20.30685745498873,"{""mouse"": 2, ""cell phone"": 1, ""laptop"": 1, ""banana"": 1, ""keyboard"": 2}",,,,
2025-08-29T16:41:58.265022,1756456918.2650223,,20.259013475339014,"{""mouse"": 2, ""keyboard"": 2, ""laptop"": 1, ""cell phone"": 1}",,,,
2025-08-29T16:41:58.321662,1756456918.3216627,,20.230047512923417,"{""mouse"": 3, ""cell phone"": 1, ""laptop"": 1, ""keyboard"": 1}",,,,
2025-08-29T16:41:58.375136,1756456918.3751366,,20.214152087660974,"{""mouse"": 2, ""cell phone"": 3, ""keyboard"": 1, ""laptop"": 1}",,,,
2025-08-29T16:41:58.427899,1756456918.4278996,,20.201346548736087,"{""mouse"": 2, ""keyboard"": 1, ""cell phone"": 3, ""laptop"": 1}",,,,
2025-08-29T16:41:58.487111,1756456918.4871116,,20.164031389214237,"{""mouse"": 2, ""keyboard"": 1, ""laptop"": 1, ""cell phone"": 1}",,,,
2025-08-29T16:41:58.542386,1756456918.5423868,,20.142463723052153,"{""laptop"": 1, ""keyboard"": 2, ""mouse"": 2, ""cell phone"": 1, ""bowl"": 1}",,,,
2025-08-29T16:41:58.601567,1756456918.6015673,,20.10671081946379,"{""laptop"": 1, ""mouse"": 1, ""keyboard"": 1, ""tv"": 1, ""cell phone"": 1}",,,,
2025-08-29T16:41:58.659704,1756456918.6597042,,20.075595002670063,"{""mouse"": 1, ""laptop"": 1, ""keyboard"": 1, ""cell phone"": 1}",,,,
2025-08-29T16:41:58.710737,1756456918.7107375,,20.071120414948844,"{""mouse"": 1, ""laptop"": 1, ""keyboard"": 1, ""cell phone"": 1}",,,,
2025-08-29T16:41:58.765223,1756456918.7652235,,20.054210596981036,"{""mouse"": 1, ""laptop"": 1, ""keyboard"": 1, ""cell phone"": 1}",,,,
2025-08-29T16:41:58.823359,1756456918.8233593,,20.02455520838218,"{""cell phone"": 1, ""mouse"": 1, ""laptop"": 1, ""keyboard"": 1, ""remote"": 1, ""tv"": 1}",,,,
2025-08-29T16:41:58.881378,1756456918.8813787,,19.995921637626104,"{""cell phone"": 1, ""laptop"": 1, ""remote"": 1, ""mouse"": 1, ""keyboard"": 1}",,,,
2025-08-29T16:41:58.942242,1756456918.9422424,,19.957926919568852,"{""mouse"": 1, ""laptop"": 1, ""cell phone"": 1, ""remote"": 1, ""keyboard"": 1}",,,,
2025-08-29T16:41:59.000167,1756456919.0001676,,19.930878569414478,"{""laptop"": 1, ""remote"": 1, ""mouse"": 1, ""cell phone"": 1, ""tv"": 1}",,,,
2025-08-29T16:41:59.056769,1756456919.0567698,,19.90888742442957,"{""cell phone"": 1, ""laptop"": 1, ""remote"": 1}",,,,
2025-08-29T16:41:59.105166,1756456919.1051662,,19.9150972814566,"{""cell phone"": 2, ""laptop"": 1}",,,,
2025-08-29T16:41:59.151929,1756456919.1519296,,19.926699000669313,"{""cell phone"": 2, ""tv"": 1}",,,,
2025-08-29T16:41:59.204995,1756456919.2049952,,19.917088417847776,"{""cell phone"": 1, ""laptop"": 1, ""tv"": 1, ""keyboard"": 1}",,,,
2025-08-29T16:41:59.257283,1756456919.257283,,19.910215896732616,"{""cell phone"": 1, ""laptop"": 1, ""tv"": 1, ""keyboard"": 1}",,,,
2025-08-29T16:41:59.307056,1756456919.3070562,,19.911697675681392,"{""cell phone"": 2, ""remote"": 1, ""laptop"": 1, ""tv"": 1, ""keyboard"": 1}",,,,
2025-08-29T16:41:59.366019,1756456919.3660197,,19.883329033805325,"{""cell phone"": 1, ""tv"": 1, ""laptop"": 1, ""remote"": 1, ""keyboard"": 1, ""mouse"": 1}",,,,
2025-08-29T16:41:59.424933,1756456919.4249334,,19.855660149519956,"{""cell phone"": 1, ""laptop"": 1, ""tv"": 1, ""remote"": 1, ""keyboard"": 1}",,,,
2025-08-29T16:41:59.482018,1756456919.482018,,19.83431400795861,"{""cell phone"": 1, ""keyboard"": 1, ""tv"": 1, ""laptop"": 1, ""remote"": 1}",,,,
2025-08-29T16:41:59.542196,1756456919.5421963,,19.803642933845214,"{""tv"": 1, ""cell phone"": 1, ""keyboard"": 1, ""laptop"": 1}",,,,
2025-08-29T16:41:59.600698,1756456919.6006985,,19.778753628830447,"{""cell phone"": 1, ""tv"": 1}",,,,
2025-08-29T16:41:59.648629,1756456919.6486297,,19.786852327768912,{},,,,
2025-08-29T16:41:59.688868,1756456919.6888688,,19.818406165338537,"{""remote"": 1, ""tv"": 1, ""keyboard"": 1, ""laptop"": 1, ""cell phone"": 1}",,,,
2025-08-29T16:41:59.739598,1756456919.7395985,,19.817579231277556,"{""cell phone"": 1, ""remote"": 1, ""tv"": 1, ""keyboard"": 2, ""laptop"": 1}",,,,
2025-08-29T16:41:59.798687,1756456919.798687,,19.79154719501958,"{""cell phone"": 1, ""keyboard"": 2, ""tv"": 1}",,,,
2025-08-29T16:41:59.847171,1756456919.847171,,19.79765649552103,"{""cell phone"": 1, ""tv"": 1, ""keyboard"": 1}",,,,
2025-08-29T16:41:59.896031,1756456919.896031,,19.8025605961655,"{""cell phone"": 1, ""tv"": 1, ""keyboard"": 2}",,,,
2025-08-29T16:41:59.947868,1756456919.9478686,,19.798612953213738,"{""cell phone"": 1, ""keyboard"": 2, ""laptop"": 1}",,,,
2025-08-29T16:42:00.000352,1756456920.0003521,,19.792837334711557,"{""keyboard"": 1, ""cell phone"": 1, ""laptop"": 1}",,,,
2025-08-29T16:42:00.054600,1756456920.0546002,,19.782034334796037,"{""keyboard"": 1, ""cell phone"": 1, ""laptop"": 1}",,,,
2025-08-29T16:42:00.102099,1756456920.1020992,,19.790820048792057,"{""keyboard"": 1, ""tv"": 1, ""laptop"": 1}",,,,
2025-08-29T16:42:00.156751,1756456920.1567514,,19.779037498065534,"{""tv"": 1, ""laptop"": 1, ""keyboard"": 1}",,,,
2025-08-29T16:42:00.213322,1756456920.2133224,,19.762007793445427,"{""tv"": 1, ""laptop"": 1, ""keyboard"": 1, ""cell phone"": 1}",,,,
2025-08-29T16:42:00.268121,1756456920.2681215,,19.750223042241977,"{""person"": 1, ""tv"": 1, ""laptop"": 1, ""keyboard"": 1}",,,,
2025-08-29T16:42:00.321092,1756456920.3210924,,19.74370947715442,"{""cell phone"": 1, ""keyboard"": 2}",,,,
2025-08-29T16:42:00.369486,1756456920.3694868,,19.749944605352837,"{""person"": 1, ""cell phone"": 1, ""keyboard"": 1}",,,,
2025-08-29T16:42:00.418148,1756456920.4181485,,19.755361184007167,"{""tv"": 1, ""person"": 1, ""keyboard"": 1}",,,,
2025-08-29T16:42:00.470615,1756456920.4706151,,19.750320398920035,"{""keyboard"": 1, ""person"": 1}",,,,
2025-08-29T16:42:00.520535,1756456920.5205355,,19.752248667684203,"{""person"": 2, ""keyboard"": 1}",,,,
2025-08-29T16:42:00.571970,1756456920.57197,,19.750076517759183,"{""person"": 1, ""keyboard"": 1, ""cell phone"": 1}",,,,
2025-08-29T16:42:00.619340,1756456920.6193407,,19.7587955056551,"{""keyboard"": 2, ""person"": 1, ""cell phone"": 1}",,,,
2025-08-29T16:42:00.667475,1756456920.6674752,,19.765373067706463,"{""person"": 1, ""keyboard"": 1, ""cell phone"": 1}",,,,
2025-08-29T16:42:00.723957,1756456920.7239578,,19.74984025319217,"{""person"": 1, ""keyboard"": 2, ""laptop"": 1, ""cell phone"": 1}",,,,
2025-08-29T16:42:00.776780,1756456920.7767801,,19.744111412729865,"{""person"": 1, ""laptop"": 1, ""keyboard"": 2, ""cell phone"": 1}",,,,
2025-08-29T16:42:00.826963,1756456920.826964,,19.745317982500534,"{""person"": 1, ""laptop"": 1, ""keyboard"": 2, ""cell phone"": 1}",,,,
2025-08-29T16:42:00.882144,1756456920.882144,,19.733615284303347,"{""person"": 1, ""cell phone"": 1, ""laptop"": 1}",,,,
2025-08-29T16:42:00.935890,1756456920.9358902,,19.725749992334443,"{""person"": 1, ""cell phone"": 1, ""laptop"": 1}",,,,
2025-08-29T16:42:00.986710,1756456920.98671,,19.725432822147546,"{""cell phone"": 1, ""person"": 1}",,,,
2025-08-29T16:42:01.036119,1756456921.0361192,,19.72868461022701,"{""cell phone"": 2, ""laptop"": 1, ""person"": 1}",,,,
2025-08-29T16:42:01.091243,1756456921.091243,,19.71755116707784,"{""cell phone"": 1, ""person"": 1, ""laptop"": 1}",,,,
2025-08-29T16:42:01.143299,1756456921.143299,,19.71421260239544,"{""person"": 1, ""cell phone"": 1, ""laptop"": 1}",,,,
2025-08-29T16:42:01.200312,1756456921.2003124,,19.698657966187646,"{""laptop"": 1, ""cell phone"": 1, ""person"": 1}",,,,
2025-08-29T16:42:01.254922,1756456921.254922,,19.689220275718593,"{""cell phone"": 1, ""laptop"": 1}",,,,
2025-08-29T16:42:01.304215,1756456921.304215,,19.692868838326138,"{""cell phone"": 1, ""person"": 1, ""remote"": 1}",,,,
2025-08-29T16:42:01.351199,1756456921.3511994,,19.702072378377792,"{""person"": 1, ""cell phone"": 1}",,,,
2025-08-29T16:42:01.403635,1756456921.4036353,,19.69802322296036,"{""remote"": 1, ""person"": 2, ""cell phone"": 1}",,,,
2025-08-29T16:42:01.450429,1756456921.45043,,19.7075409725375,"{""cell phone"": 1, ""person"": 1, ""remote"": 1}",,,,
2025-08-29T16:42:01.502359,1756456921.5023594,,19.704711927864782,"{""remote"": 1, ""cell phone"": 1}",,,,
2025-08-29T16:42:01.550624,1756456921.5506246,,19.710594791491157,"{""person"": 1}",,,,
2025-08-29T16:42:01.592804,1756456921.592805,,19.730756180784958,"{""remote"": 1, ""laptop"": 1}",,,,
2025-08-29T16:42:01.633375,1756456921.633375,,19.754499996595296,{},,,,
2025-08-29T16:42:01.669708,1756456921.669708,,19.78794495198452,"{""sink"": 1}",,,,
2025-08-29T16:42:01.715183,1756456921.715183,,19.799747378983902,"{""remote"": 1, ""sink"": 1}",,,,
2025-08-29T16:42:01.761118,1756456921.761119,,19.810353700971714,"{""mouse"": 1, ""sink"": 1}",,,,
2025-08-29T16:42:01.805050,1756456921.8050508,,19.82547847834174,"{""mouse"": 1}",,,,
2025-08-29T16:42:01.853965,1756456921.8539653,,19.828986002243866,"{""mouse"": 1}",,,,
2025-08-29T16:42:01.894957,1756456921.8949578,,19.852878402035184,"{""mouse"": 1}",,,,
2025-08-29T16:42:01.930405,1756456921.9304051,,19.8846486666167,{},,,,
2025-08-29T16:42:01.965392,1756456921.9653924,,19.919483905509757,{},,,,
2025-08-29T16:42:01.999832,1756456921.9998326,,19.955285674029653,{},,,,
2025-08-29T16:42:02.035631,1756456922.0356314,,19.98772313178734,{},,,,
2025-08-29T16:42:02.067680,1756456922.0676804,,20.02839261014301,{},,,,
2025-08-29T16:42:02.098215,1756456922.0982153,,20.072194353215142,{},,,,
2025-08-29T16:42:02.131956,1756456922.1319568,,20.10844961523508,{},,,,
2025-08-29T16:42:02.167096,1756456922.1670966,,20.14127913036702,{},,,,
2025-08-29T16:42:02.205229,1756456922.205229,,20.167124704699752,{},,,,
2025-08-29T16:42:02.237299,1756456922.2372992,,20.206342449318,{},,,,
2025-08-29T16:42:02.275378,1756456922.2753782,,20.231832592007663,"{""donut"": 1}",,,,
2025-08-29T16:42:02.323062,1756456922.3230624,,20.23571052363647,{},,,,
2025-08-29T16:42:02.357161,1756456922.3571615,,20.26967378009971,{},,,,
2025-08-29T16:42:02.395014,1756456922.3950143,,20.29506845581078,{},,,,
2025-08-29T16:42:02.426265,1756456922.4262652,,20.334842075453455,{},,,,
2025-08-29T16:42:02.460914,1756456922.4609146,,20.366845159041876,{},,,,
2025-08-29T16:42:02.492079,1756456922.4920793,,20.40628375499623,{},,,,
2025-08-29T16:42:02.525246,1756456922.5252469,,20.441052105130073,{},,,,
2025-08-29T16:42:02.563386,1756456922.5633867,,20.46466489443447,{},,,,
2025-08-29T16:42:02.595442,1756456922.5954428,,20.501394722810122,{},,,,
2025-08-29T16:42:02.625536,1756456922.6255367,,20.54216324355083,{},,,,
2025-08-29T16:42:02.659455,1756456922.6594555,,20.574322106414986,{},,,,
2025-08-29T16:42:02.688739,1756456922.6887395,,20.616347901838783,{},,,,
2025-08-29T16:42:02.717485,1756456922.717485,,20.659287024997482,{},,,,
2025-08-29T16:42:02.751538,1756456922.7515385,,20.6904253427258,{},,,,
2025-08-29T16:42:02.783048,1756456922.7830489,,20.726858280596,{},,,,
2025-08-29T16:42:02.811975,1756456922.8119752,,20.768650982284402,{},,,,
2025-08-29T16:42:02.843021,1756456922.8430219,,20.80560208519128,{},,,,
2025-08-29T16:42:02.875312,1756456922.8753123,,20.839627449389155,{},,,,
2025-08-29T16:42:02.907538,1756456922.9075384,,20.873564598054934,{},,,,
2025-08-29T16:42:02.937734,1756456922.9377341,,20.91164932989022,{},,,,
2025-08-29T16:42:02.968753,1756456922.9687538,,20.947725335033038,{},,,,
2025-08-29T16:42:03.000996,1756456923.0009966,,20.98094556186107,{},,,,
2025-08-29T16:42:03.030858,1756456923.0308585,,21.019052137587547,{},,,,
2025-08-29T16:42:03.062388,1756456923.0623882,,21.053355511651134,{},,,,
2025-08-29T16:42:03.099974,1756456923.099974,,21.07450034328805,{},,,,
2025-08-29T16:42:03.134653,1756456923.1346533,,21.101674929032367,{},,,,
2025-08-29T16:42:03.169602,1756456923.1696022,,21.128087174760086,{},,,,
2025-08-29T16:42:03.201637,1756456923.201638,,21.16049424514644,{},,,,
2025-08-29T16:42:03.230912,1756456923.2309122,,21.198545927604826,{},,,,
2025-08-29T16:42:03.264829,1756456923.2648292,,21.22655002266076,{},,,,
2025-08-29T16:42:03.299759,1756456923.2997594,,21.25222665930747,{},,,,
2025-08-29T16:42:03.332995,1756456923.3329954,,21.281293979563216,{},,,,
2025-08-29T16:42:03.367941,1756456923.3679419,,21.306575267021366,{},,,,
2025-08-29T16:42:03.401190,1756456923.401191,,21.335242626379983,{},,,,
2025-08-29T16:42:03.430394,1756456923.4303942,,21.372197228289394,{},,,,
2025-08-29T16:42:03.466946,1756456923.4669464,,21.393571200390834,{},,,,
2025-08-29T16:42:03.499398,1756456923.499399,,21.423342181766582,{},,,,
2025-08-29T16:42:03.532971,1756456923.5329716,,21.450593279600238,{},,,,
2025-08-29T16:42:03.569565,1756456923.5695655,,21.47139140105278,{},,,,
2025-08-29T16:42:03.602913,1756456923.6029131,,21.49876911802138,{},,,,
2025-08-29T16:42:03.635160,1756456923.6351602,,21.528248186769936,{},,,,
2025-08-29T16:42:03.664182,1756456923.6641824,,21.56420794245684,{},,,,
2025-08-29T16:42:03.694953,1756456923.694953,,21.596359539139545,{},,,,
2025-08-29T16:42:03.723990,1756456923.7239904,,21.631894570361723,{},,,,
2025-08-29T16:42:03.758937,1756456923.7589376,,21.655071840483384,{},,,,
2025-08-29T16:42:03.787209,1756456923.787209,,21.691803927329754,{},,,,
2025-08-29T16:42:03.815699,1756456923.8157,,21.72788907421716,{},,,,
2025-08-29T16:42:03.847109,1756456923.8471093,,21.75984821534448,{},,,,
2025-08-29T16:42:03.879646,1756456923.8796463,,21.78522393705138,{},,,,
2025-08-29T16:42:03.912198,1756456923.9121983,,21.81245180336384,{},,,,
2025-08-29T16:42:03.947133,1756456923.9471338,,21.834657056930496,{},,,,
2025-08-29T16:42:03.979502,1756456923.9795027,,21.86193667961437,{},,,,
2025-08-29T16:42:04.013672,1756456924.013673,,21.885395701621352,{},,,,
2025-08-29T16:42:04.040173,1756456924.0401733,,21.9242517744296,{},,,,
2025-08-29T16:42:04.070646,1756456924.0706463,,21.954868891687095,{},,,,
2025-08-29T16:42:04.103884,1756456924.1038845,,21.97972347837725,{},,,,
2025-08-29T16:42:04.134508,1756456924.1345081,,22.009702536999786,{},,,,
2025-08-29T16:42:04.167081,1756456924.1670814,,22.035585027585704,{},,,,
2025-08-29T16:42:04.198919,1756456924.198919,,22.06279315721034,{},,,,
2025-08-29T16:42:04.234726,1756456924.2347267,,22.081874815571986,{},,,,
2025-08-29T16:42:04.271401,1756456924.2714016,,22.09909651137034,{},,,,
2025-08-29T16:42:04.304358,1756456924.3043587,,22.123629211829986,{},,,,
2025-08-29T16:42:04.335059,1756456924.3350594,,22.152516585100738,{},,,,
2025-08-29T16:42:04.361633,1756456924.361633,,22.189468482434133,{},,,,
2025-08-29T16:42:04.393176,1756456924.393176,,22.216350017903366,{},,,,
2025-08-29T16:42:04.424171,1756456924.4241717,,22.24416780029993,{},,,,
2025-08-29T16:42:04.460020,1756456924.4600205,,22.262206602039683,{},,,,
2025-08-29T16:42:04.489887,1756456924.4898877,,22.291966896596467,{},,,,
2025-08-29T16:42:04.529196,1756456924.529196,,22.30291837867167,{},,,,
2025-08-29T16:42:04.558363,1756456924.5583634,,22.33376913089672,{},,,,
2025-08-29T16:42:04.589633,1756456924.5896337,,22.36032131769741,{},,,,
2025-08-29T16:42:04.624476,1756456924.6244764,,22.379708760334513,{},,,,
2025-08-29T16:42:04.657390,1756456924.65739,,22.402759214729272,{},,,,
2025-08-29T16:42:04.689349,1756456924.6893494,,22.42754502076294,{},,,,
2025-08-29T16:42:04.719337,1756456924.7193372,,22.45604565905157,{},,,,
2025-08-29T16:42:04.755400,1756456924.7554002,,22.472545940808583,{},,,,
2025-08-29T16:42:04.793976,1756456924.793976,,22.48405618569605,{},,,,
2025-08-29T16:42:04.828932,1756456924.8289325,,22.50250971766858,{},,,,
2025-08-29T16:42:04.863746,1756456924.8637464,,22.52112835621705,{},,,,
2025-08-29T16:42:04.899393,1756456924.8993936,,22.538026380538508,{},,,,
2025-08-29T16:42:04.929172,1756456924.929173,,22.566134067011312,{},,,,
2025-08-29T16:42:04.961681,1756456924.9616818,,22.58884232591979,{},,,,
2025-08-29T16:42:04.992698,1756456924.9926984,,22.614293708548008,{},,,,
2025-08-29T16:42:05.028257,1756456925.0282574,,22.63089475904681,{},,,,
2025-08-29T16:42:05.055652,1756456925.0556524,,22.663031141163067,{},,,,
2025-08-29T16:42:05.086021,1756456925.086022,,22.689325000149317,{},,,,
2025-08-29T16:42:05.117778,1756456925.1177788,,22.712833445336923,{},,,,
2025-08-29T16:42:05.150642,1756456925.1506422,,22.734106155928952,{},,,,
2025-08-29T16:42:05.183445,1756456925.1834455,,22.755376272291244,{},,,,
2025-08-29T16:42:05.213301,1756456925.2133017,,22.782131576025233,{},,,,
2025-08-29T16:42:05.247216,1756456925.2472162,,22.801050947277666,{},,,,
2025-08-29T16:42:05.276186,1756456925.2761865,,22.8292303569092,{},,,,
2025-08-29T16:42:05.307001,1756456925.3070016,,22.85378280707693,{},,,,
2025-08-29T16:42:05.339114,1756456925.3391142,,22.875758867332525,{},,,,
2025-08-29T16:42:05.370018,1756456925.3700187,,22.899897285791777,{},,,,
2025-08-29T16:42:05.401412,1756456925.401413,,22.92299076563825,{},,,,
2025-08-29T16:42:05.438446,1756456925.4384468,,22.935365593680054,{},,,,
2025-08-29T16:42:05.470015,1756456925.4700155,,22.957911637008007,{},,,,
2025-08-29T16:42:05.499478,1756456925.4994788,,22.98428523750279,{},,,,
2025-08-29T16:42:05.530588,1756456925.5305884,,23.00745274537502,{},,,,
2025-08-29T16:42:05.565123,1756456925.5651238,,23.024106976318954,{},,,,
2025-08-29T16:42:05.594486,1756456925.5944862,,23.050307981387775,{},,,,
2025-08-29T16:42:05.627196,1756456925.6271963,,23.070153370040433,{},,,,
2025-08-29T16:42:05.656825,1756456925.6568255,,23.095618833391995,{},,,,
2025-08-29T16:42:05.691383,1756456925.6913836,,23.111817992471646,{},,,,
2025-08-29T16:42:05.723832,1756456925.7238324,,23.13183222726194,{},,,,
2025-08-29T16:42:05.755572,1756456925.7555726,,23.15305250146045,{},,,,
2025-08-29T16:42:05.789129,1756456925.7891293,,23.170813604418434,{},,,,
2025-08-29T16:42:05.819110,1756456925.81911,,23.19506704389005,{},,,,
2025-08-29T16:42:05.850014,1756456925.8500144,,23.217505401537256,{},,,,
2025-08-29T16:42:05.880657,1756456925.8806574,,23.240314608318766,{},,,,
2025-08-29T16:42:05.912360,1756456925.9123607,,23.261068754756643,{},,,,
2025-08-29T16:42:05.944060,1756456925.94406,,23.281726381606283,{},,,,
2025-08-29T16:42:05.976980,1756456925.9769804,,23.300049255793112,{},,,,
2025-08-29T16:42:06.004863,1756456926.004863,,23.327473488126603,{},,,,
2025-08-29T16:42:06.034611,1756456926.0346112,,23.35137542660216,{},,,,
2025-08-29T16:42:06.066717,1756456926.0667176,,23.37087229720974,{},,,,
2025-08-29T16:42:06.095609,1756456926.0956097,,23.396115836954277,{},,,,
2025-08-29T16:42:06.130408,1756456926.130408,,23.41052284198926,{},,,,
2025-08-29T16:42:06.166179,1756456926.1661797,,23.423089982640317,{},,,,
2025-08-29T16:42:06.195958,1756456926.195958,,23.446420833868128,{},,,,
2025-08-29T16:42:06.226800,1756456926.2268004,,23.467722814066875,{},,,,
2025-08-29T16:42:06.261011,1756456926.2610111,,23.482852616444223,{},,,,
2025-08-29T16:42:06.293375,1756456926.2933755,,23.5012243200818,{},,,,
2025-08-29T16:42:06.327896,1756456926.3278966,,23.5156323645877,{},,,,
2025-08-29T16:42:06.357741,1756456926.3577416,,23.5383461806487,{},,,,
2025-08-29T16:42:06.390965,1756456926.3909652,,23.554908375232383,{},,,,
2025-08-29T16:42:06.427571,1756456926.4275715,,23.565345450034954,{},,,,
2025-08-29T16:42:06.468068,1756456926.4680681,,23.568796459692145,"{""train"": 1}",,,,
2025-08-29T16:42:06.502625,1756456926.5026255,,23.5827747182665,{},,,,
2025-08-29T16:42:06.544938,1756456926.544939,,23.582934577193086,"{""oven"": 1}",,,,
2025-08-29T16:42:06.587313,1756456926.5873134,,23.58298608138658,"{""oven"": 1}",,,,
2025-08-29T16:42:06.630594,1756456926.6305947,,23.58144114695114,"{""oven"": 1}",,,,
2025-08-29T16:42:06.675412,1756456926.6754127,,23.57721128748167,"{""oven"": 1}",,,,
2025-08-29T16:42:06.719790,1756456926.71979,,23.573779477880358,"{""oven"": 1}",,,,
2025-08-29T16:42:06.786171,1756456926.7861714,,23.53211054499074,"{""oven"": 1}",,,,
2025-08-29T16:42:06.848168,1756456926.8481681,,23.498411388060056,"{""oven"": 1}",,,,
2025-08-29T16:42:06.903305,1756456926.903305,,23.476790068480472,"{""oven"": 1}",,,,
2025-08-29T16:42:06.957204,1756456926.957205,,23.457455947726867,"{""oven"": 1}",,,,
2025-08-29T16:42:07.012750,1756456927.0127509,,23.435474247915923,"{""oven"": 1}",,,,
2025-08-29T16:42:07.061505,1756456927.0615056,,23.42516505468899,"{""oven"": 1}",,,,
2025-08-29T16:42:07.116802,1756456927.1168022,,23.40389750994776,"{""oven"": 1}",,,,
2025-08-29T16:42:07.171090,1756456927.1710904,,23.38449022853963,"{""oven"": 1}",,,,
2025-08-29T16:42:07.227745,1756456927.2277458,,23.361281987220817,"{""oven"": 1}",,,,
2025-08-29T16:42:07.284928,1756456927.2849288,,23.33738473116782,"{""oven"": 1}",,,,
2025-08-29T16:42:07.338432,1756456927.338432,,23.31976190125329,"{""oven"": 1}",,,,
2025-08-29T16:42:07.387102,1756456927.387102,,23.31022812397269,"{""oven"": 1}",,,,
2025-08-29T16:42:07.440702,1756456927.4407022,,23.292675194372585,"{""oven"": 1}",,,,
2025-08-29T16:42:07.494028,1756456927.4940288,,23.275700805546364,"{""oven"": 1}",,,,
2025-08-29T16:42:07.543461,1756456927.5434613,,23.2651807201642,"{""oven"": 1}",,,,
2025-08-29T16:42:07.594174,1756456927.5941744,,23.25265988970528,"{""oven"": 1}",,,,
2025-08-29T16:42:07.649646,1756456927.649646,,23.232557581974564,"{""oven"": 1}",,,,
2025-08-29T16:42:07.695083,1756456927.6950834,,23.228712018630358,{},,,,
2025-08-29T16:42:07.740421,1756456927.740421,,23.225050052441524,{},,,,
2025-08-29T16:42:07.786120,1756456927.7861202,,23.22083427979669,"{""oven"": 1}",,,,
2025-08-29T16:42:07.840398,1756456927.8403988,,23.203011447301996,"{""oven"": 1}",,,,
2025-08-29T16:42:07.891769,1756456927.8917696,,23.189918785227476,"{""oven"": 1}",,,,
2025-08-29T18:09:32.011783,1756462172.0117834,,3.923133115896143,"{""oven"": 1}",,,,
2025-08-29T18:09:32.257963,1756462172.2579632,,3.9913935272549406,"{""oven"": 1}",,,,
2025-08-29T18:09:32.319373,1756462172.3193734,,5.333444103139688,"{""oven"": 1}",,,,
2025-08-29T18:09:32.370782,1756462172.370783,,6.515739987378028,"{""oven"": 1}",,,,
2025-08-29T18:09:32.412000,1756462172.4120004,,7.632243509514866,"{""oven"": 1}",,,,
2025-08-29T18:09:32.463905,1756462172.4639056,,8.48631662079968,"{""oven"": 1}",,,,
2025-08-29T18:09:32.506103,1756462172.5061038,,9.343066288066225,"{""oven"": 1}",,,,
2025-08-29T18:09:32.555849,1756462172.55585,,10.012954544505062,"{""oven"": 1}",,,,
2025-08-29T18:09:32.621545,1756462172.6215453,,10.4087123977844,"{""oven"": 1}",,,,
2025-08-29T18:09:32.679562,1756462172.679562,,10.838028438331074,"{""oven"": 1}",,,,
2025-08-29T18:09:32.730919,1756462172.7309194,,11.293236689907172,"{""oven"": 1}",,,,
2025-08-29T18:09:32.782478,1756462172.7824783,,11.700544674717841,"{""oven"": 1}",,,,
2025-08-29T18:09:32.839327,1756462172.8393276,,12.00987556862822,"{""oven"": 1}",,,,
2025-08-29T18:09:32.884110,1756462172.8841107,,12.419873657101729,"{""oven"": 1}",,,,
2025-08-29T18:09:32.935614,1756462172.9356143,,12.725568164234703,"{""oven"": 1}",,,,
2025-08-29T18:09:32.986628,1756462172.9866283,,13.010846045021664,"{""oven"": 1}",,,,
2025-08-29T18:09:33.048882,1756462173.0488827,,13.157918454424786,"{""oven"": 1}",,,,
2025-08-29T18:09:33.103448,1756462173.1034484,,13.367362288540724,"{""oven"": 1}",,,,
2025-08-29T18:09:33.151704,1756462173.1517048,,13.62183191351962,"{""oven"": 1}",,,,
2025-08-29T18:09:33.205903,1756462173.2059035,,13.80244648237535,"{""oven"": 1}",,,,
2025-08-29T18:09:33.244732,1756462173.2447324,,14.11435138684756,"{""oven"": 1}",,,,
2025-08-29T18:09:33.298540,1756462173.2985408,,14.270371052553033,"{""oven"": 1}",,,,
2025-08-29T18:09:33.336909,1756462173.336909,,14.556740873573528,"{""oven"": 1}",,,,
2025-08-29T18:09:33.388837,1756462173.388837,,14.706314464938364,"{""oven"": 1}",,,,
2025-08-29T18:09:33.439589,1756462173.43959,,14.857031450133867,"{""oven"": 1}",,,,
2025-08-29T18:09:33.480813,1756462173.480813,,15.081836585725434,"{""oven"": 1}",,,,
2025-08-29T18:09:33.536367,1756462173.5363672,,15.172953749814603,"{""oven"": 1}",,,,
2025-08-29T18:09:33.582795,1756462173.5827959,,15.334812575692784,"{""oven"": 1}",,,,
2025-08-29T18:09:33.624235,1756462173.624235,,15.530030324685182,"{""oven"": 1}",,,,
2025-08-29T18:09:33.675352,1756462173.675352,,15.637485189459344,"{""oven"": 1}",,,,
2025-08-29T18:09:33.726669,1756462173.7266698,,15.737760285920535,"{""oven"": 1}",,,,
2025-08-29T18:09:33.777683,1756462173.777684,,15.835321198063438,"{""oven"": 1}",,,,
2025-08-29T18:09:33.818766,1756462173.818766,,16.004802873583685,"{""oven"": 1}",,,,
2025-08-29T18:09:33.875683,1756462173.8756838,,16.046828551643397,"{""oven"": 1}",,,,
2025-08-29T18:09:33.911310,1756462173.911311,,16.245627505099698,"{""oven"": 1}",,,,
2025-08-29T18:09:33.962935,1756462173.962936,,16.318753317897364,"{""oven"": 1}",,,,
2025-08-29T18:09:34.024307,1756462174.0243073,,16.318090213746043,"{""oven"": 1}",,,,
2025-08-29T18:09:34.073241,1756462174.0732417,,16.40507296379066,"{""oven"": 1}",,,,
2025-08-29T18:09:34.116342,1756462174.1163428,,16.52922172900674,"{""oven"": 1}",,,,
2025-08-29T18:09:34.167845,1756462174.167845,,16.59090183152219,"{""oven"": 1}",,,,
2025-08-29T18:09:34.218768,1756462174.2187686,,16.653915285542514,"{""oven"": 1}",,,,
2025-08-29T18:09:34.259973,1756462174.2599735,,16.779271061198543,"{""oven"": 1}",,,,
2025-08-29T18:09:34.311328,1756462174.3113284,,16.833412979069102,"{""oven"": 1}",,,,
2025-08-29T18:09:34.356078,1756462174.3560784,,16.928329037562307,"{""oven"": 1}",,,,
2025-08-29T18:09:34.406054,1756462174.4060545,,16.986455918963387,"{""oven"": 1}",,,,
2025-08-29T18:09:34.455909,1756462174.455909,,17.04319807726266,"{""oven"": 1}",,,,
2025-08-29T18:09:34.496220,1756462174.4962204,,17.157446927026648,"{""oven"": 1}",,,,
2025-08-29T18:09:34.547203,1756462174.5472038,,17.202335893405746,"{""oven"": 1}",,,,
2025-08-29T18:09:34.588711,1756462174.5887117,,17.303318817984394,"{""oven"": 1}",,,,
2025-08-29T18:09:34.640934,1756462174.6409345,,17.336734845716723,"{""oven"": 1}",,,,
2025-08-29T18:09:34.682467,1756462174.6824672,,17.432427813681947,{},,,,
2025-08-29T18:09:34.723481,1756462174.7234817,,17.52850385539984,{},,,,
2025-08-29T18:09:34.756110,1756462174.7561104,,17.671229507499525,{},,,,
2025-08-29T18:09:34.794170,1756462174.7941709,,17.77903150094589,"{""sports ball"": 1}",,,,
2025-08-29T18:09:34.845881,1756462174.8458815,,17.805135614713894,"{""person"": 1}",,,,
2025-08-29T18:09:34.896707,1756462174.8967075,,17.83540321215062,"{""person"": 1}",,,,
2025-08-29T18:09:34.937720,1756462174.9377203,,17.919821547829724,"{""refrigerator"": 1}",,,,
2025-08-29T18:09:34.978987,1756462174.9789872,,18.0006706882309,{},,,,
2025-08-29T18:09:35.020577,1756462175.020578,,18.077681511762798,{},,,,
2025-08-29T18:09:35.061854,1756462175.0618544,,18.15448022607918,"{""tv"": 1}",,,,
2025-08-29T18:09:35.102822,1756462175.1028223,,18.231065141082173,{},,,,
2025-08-29T18:09:35.144026,1756462175.1440263,,18.304521669353193,"{""tv"": 1}",,,,
2025-08-29T18:09:35.195539,1756462175.1955395,,18.32111990754614,"{""tv"": 2}",,,,
2025-08-29T18:09:35.237132,1756462175.2371323,,18.389497996706908,"{""tv"": 1}",,,,
2025-08-29T18:09:35.288658,1756462175.2886581,,18.40435337631714,"{""tv"": 1}",,,,
2025-08-29T18:09:35.329539,1756462175.329539,,18.473661271487362,"{""tv"": 1}",,,,
2025-08-29T18:09:35.380885,1756462175.380885,,18.487859566187375,"{""tv"": 1}",,,,
2025-08-29T18:09:35.431844,1756462175.431845,,18.50360327390234,"{""tv"": 1}",,,,
2025-08-29T18:09:35.483466,1756462175.483466,,18.515632056555383,"{""tv"": 1, ""keyboard"": 1}",,,,
2025-08-29T18:09:35.545457,1756462175.545457,,18.476619437797183,"{""tv"": 1, ""laptop"": 1, ""keyboard"": 1, ""person"": 1}",,,,
2025-08-29T18:09:35.596826,1756462175.596826,,18.489867303121592,"{""laptop"": 1}",,,,
2025-08-29T18:09:35.663972,1756462175.6639721,,18.42805097125488,"{""laptop"": 1, ""bottle"": 1}",,,,
2025-08-29T18:09:35.729818,1756462175.7298183,,18.374333175905218,"{""laptop"": 1, ""tv"": 1}",,,,
2025-08-29T18:09:35.780327,1756462175.7803273,,18.392211212204174,"{""laptop"": 1, ""tv"": 1}",,,,
2025-08-29T18:09:35.841773,1756462175.8417733,,18.360355525973073,"{""laptop"": 1, ""tv"": 1}",,,,
2025-08-29T18:09:35.900846,1756462175.900847,,18.339936928960967,"{""laptop"": 1, ""tv"": 1, ""toothbrush"": 1}",,,,
2025-08-29T18:09:35.961815,1756462175.9618154,,18.311837392318633,"{""tv"": 1, ""toothbrush"": 1, ""laptop"": 1}",,,,
2025-08-29T18:09:36.014765,1756462176.0147653,,18.318974733191016,"{""tv"": 1, ""kite"": 1, ""toothbrush"": 1}",,,,
2025-08-29T18:09:36.086604,1756462176.086604,,18.245987507377414,"{""tv"": 1, ""toothbrush"": 1}",,,,
2025-08-29T18:09:36.138269,1756462176.1382692,,18.2590700901683,"{""tv"": 1}",,,,
2025-08-29T18:09:36.188745,1756462176.1887453,,18.276749759489284,"{""tv"": 1}",,,,
2025-08-29T18:09:36.240040,1756462176.2400398,,18.290691296410913,"{""tv"": 1, ""laptop"": 1}",,,,
2025-08-29T18:09:36.305297,1756462176.3052974,,18.248125742762756,"{""tv"": 1, ""laptop"": 1}",,,,
2025-08-29T18:09:36.365969,1756462176.3659697,,18.224876993479484,"{""laptop"": 1, ""tv"": 1}",,,,
2025-08-29T18:09:36.434152,1756462176.4341526,,18.173003589276355,"{""laptop"": 1, ""tv"": 1}",,,,
2025-08-29T18:09:36.485532,1756462176.4855328,,18.18701778909562,"{""laptop"": 1, ""mouse"": 1}",,,,
2025-08-29T18:09:36.546486,1756462176.546486,,18.164352884522817,"{""laptop"": 1, ""mouse"": 1}",,,,
2025-08-29T18:09:36.597020,1756462176.5970204,,18.181309796626266,"{""laptop"": 1, ""keyboard"": 1, ""bottle"": 1, ""tv"": 1}",,,,
2025-08-29T18:09:36.655644,1756462176.6556447,,18.167864358235875,"{""bottle"": 1, ""tv"": 1, ""keyboard"": 1, ""laptop"": 1}",,,,
2025-08-29T18:09:36.710483,1756462176.7104833,,18.168611029837614,"{""tv"": 1, ""person"": 1}",,,,
2025-08-29T18:09:36.771605,1756462176.771605,,18.146576612469964,"{""person"": 1, ""tv"": 1}",,,,
2025-08-29T18:09:36.815919,1756462176.8159194,,18.18528866973233,"{""tv"": 1, ""person"": 1, ""chair"": 1}",,,,
2025-08-29T18:09:36.869909,1756462176.869909,,18.188844814014562,"{""tv"": 2}",,,,
2025-08-29T18:09:36.916159,1756462176.9161592,,18.21961736382489,{},,,,
2025-08-29T18:09:36.957762,1756462176.9577625,,18.273190142648776,"{""tv"": 1}",,,,
2025-08-29T18:09:36.993465,1756462176.9934652,,18.332575374335118,{},,,,
2025-08-29T18:09:37.024208,1756462177.0242078,,18.415427357559288,{},,,,
2025-08-29T18:09:37.055852,1756462177.0558527,,18.49416856265113,{},,,,
2025-08-29T18:09:37.095658,1756462177.0956583,,18.543585830180707,{},,,,
2025-08-29T18:09:37.136393,1756462177.1363935,,18.589058849297448,{},,,,
2025-08-29T18:09:37.167379,1756462177.1673796,,18.667424718503412,{},,,,
2025-08-29T18:09:37.209416,1756462177.209416,,18.706909250422353,{},,,,
2025-08-29T18:09:37.238922,1756462177.2389226,,18.78863454848562,{},,,,
2025-08-29T18:09:37.283345,1756462177.2833452,,18.81855596291472,{},,,,
2025-08-29T18:09:37.309524,1756462177.3095243,,18.909926495924744,{},,,,
2025-08-29T18:09:37.341161,1756462177.341162,,18.981866698431464,{},,,,
2025-08-29T18:09:37.379864,1756462177.379864,,19.029059403167754,{},,,,
2025-08-29T18:09:37.413884,1756462177.4138846,,19.091392587132997,{},,,,
2025-08-29T18:09:37.449794,1756462177.4497943,,19.146625282605694,{},,,,
2025-08-29T18:09:37.484255,1756462177.4842558,,19.20602053072778,{},,,,
2025-08-29T18:09:37.513992,1756462177.5139928,,19.280514646503548,{},,,,
2025-08-29T18:09:37.555723,1756462177.5557232,,19.314213868956163,{},,,,
2025-08-29T18:09:37.583324,1756462177.5833244,,19.39434921014763,{},,,,
2025-08-29T18:09:37.624266,1756462177.624267,,19.429448949644986,{},,,,
2025-08-29T18:09:37.656018,1756462177.6560183,,19.49438942902,{},,,,
2025-08-29T18:09:37.686195,1756462177.6861951,,19.563827556425025,{},,,,
2025-08-29T18:09:37.727148,1756462177.7271485,,19.59712504642368,{},,,,
2025-08-29T18:09:37.768227,1756462177.768227,,19.629560095752275,{},,,,
2025-08-29T18:09:37.805773,1756462177.805773,,19.673037528268143,{},,,,
2025-08-29T18:09:37.840502,1756462177.8405027,,19.72510538457758,{},,,,
2025-08-29T18:09:37.871045,1756462177.8710454,,19.79012555719718,{},,,,
2025-08-29T18:09:37.912265,1756462177.9122658,,19.820057512842627,{},,,,
2025-08-29T18:09:37.942999,1756462177.9429991,,19.88324149094348,{},,,,
2025-08-29T18:09:37.984243,1756462177.9842432,,19.912135764968557,{},,,,
2025-08-29T18:09:38.014731,1756462178.0147314,,19.974923144505095,{},,,,
2025-08-29T18:09:38.066007,1756462178.0660079,,19.971080604657654,"{""oven"": 1}",,,,
2025-08-29T18:09:38.106003,1756462178.1060038,,20.00277610319197,{},,,,
2025-08-29T18:09:38.147960,1756462178.1479607,,20.02792765859311,"{""oven"": 1}",,,,
2025-08-29T18:09:38.198902,1756462178.1989024,,20.0247831782784,{},,,,
2025-08-29T18:09:38.229843,1756462178.2298431,,20.083553490418296,{},,,,
2025-08-29T18:09:38.270581,1756462178.2705815,,20.111468405888154,{},,,,
2025-08-29T18:09:38.311566,1756462178.311566,,20.138279610764094,"{""oven"": 1}",,,,
2025-08-29T18:09:38.363553,1756462178.3635533,,20.13117585020051,"{""oven"": 1}",,,,
2025-08-29T18:09:38.405892,1756462178.4058926,,20.153383616205115,"{""oven"": 1}",,,,
2025-08-29T18:09:38.445977,1756462178.445977,,20.18211165242763,"{""oven"": 1}",,,,
2025-08-29T18:09:38.497506,1756462178.4975064,,20.176181597373958,"{""microwave"": 1}",,,,
2025-08-29T18:09:38.549258,1756462178.5492587,,20.169679542620944,"{""microwave"": 1}",,,,
2025-08-29T18:09:38.590189,1756462178.5901892,,20.19520814990289,"{""oven"": 1}",,,,
2025-08-29T18:09:38.641937,1756462178.6419377,,20.18866179255325,"{""oven"": 1}",,,,
2025-08-29T18:09:38.683167,1756462178.6831677,,20.212862684109822,"{""oven"": 1}",,,,
2025-08-29T18:09:38.724391,1756462178.7243917,,20.236794472020293,"{""oven"": 1}",,,,
2025-08-29T18:09:38.775679,1756462178.7756798,,20.23139364404835,"{""oven"": 1}",,,,
2025-08-29T18:09:38.815885,1756462178.8158858,,20.25782479124022,"{""oven"": 1}",,,,
2025-08-29T18:09:38.866803,1756462178.8668034,,20.25339712651678,"{""oven"": 1}",,,,
2025-08-29T18:09:38.917930,1756462178.9179301,,20.248441183129355,"{""oven"": 1}",,,,
2025-08-29T18:09:38.958777,1756462178.9587777,,20.27244889888998,"{""oven"": 1}",,,,
2025-08-29T18:09:39.010923,1756462179.0109231,,20.264575132533775,"{""oven"": 1}",,,,
2025-08-29T18:09:39.061218,1756462179.0612183,,20.261945306322236,"{""oven"": 1}",,,,
2025-08-29T18:09:39.112766,1756462179.112767,,20.255898807255935,"{""oven"": 1}",,,,
2025-08-29T18:09:39.163731,1756462179.1637309,,20.251535388707143,"{""oven"": 1}",,,,
2025-08-29T18:09:39.215320,1756462179.2153206,,20.24553262982329,"{""oven"": 1}",,,,
2025-08-29T18:09:39.266589,1756462179.266589,,20.240478524639403,"{""oven"": 1}",,,,
2025-08-29T18:09:39.319907,1756462179.319908,,20.23000630768602,"{""oven"": 1}",,,,
2025-08-29T18:09:39.358753,1756462179.3587532,,20.258178240957232,"{""oven"": 1}",,,,
2025-08-29T18:09:39.411296,1756462179.4112964,,20.24976103357092,"{""oven"": 1}",,,,
2025-08-29T18:09:39.460781,1756462179.4607816,,20.249493168027566,"{""oven"": 1}",,,,
2025-08-29T18:09:39.505634,1756462179.5056348,,20.261333171203052,"{""oven"": 1}",,,,
2025-08-29T18:09:39.563735,1756462179.5637355,,20.238635458551816,"{""oven"": 1}",,,,
2025-08-29T18:09:39.605779,1756462179.6057792,,20.25763089475031,"{""oven"": 1}",,,,
2025-08-29T18:09:39.645328,1756462179.6453283,,20.282835954173375,"{""oven"": 1}",,,,
2025-08-29T18:09:39.705697,1756462179.7056973,,20.2545984243726,"{""oven"": 1}",,,,
2025-08-29T18:09:39.759198,1756462179.7591982,,20.244146564305815,"{""oven"": 1}",,,,
2025-08-29T18:09:39.894803,1756462179.894803,,20.029693109598476,"{""oven"": 1}",,,,
2025-08-29T18:09:40.014338,1756462180.0143387,,19.860844075511217,"{""oven"": 1}",,,,
2025-08-29T18:09:40.102608,1756462180.102609,,19.770603799174065,"{""oven"": 1}",,,,
2025-08-29T18:09:40.158722,1756462180.1587229,,19.75758202458341,"{""oven"": 1}",,,,
2025-08-29T18:09:40.212014,1756462180.2120147,,19.751323449561383,"{""oven"": 1}",,,,
2025-08-29T18:09:40.262294,1756462180.2622948,,19.752134885772307,"{""oven"": 1}",,,,
2025-08-29T18:09:40.311963,1756462180.3119636,,19.7543482356351,"{""oven"": 1}",,,,
2025-08-29T18:09:40.363038,1756462180.3630383,,19.753308483685668,"{""oven"": 1}",,,,
2025-08-29T18:09:40.405646,1756462180.4056463,,19.771617531529653,"{""oven"": 1}",,,,
2025-08-29T18:09:40.455885,1756462180.455886,,19.772385731897828,"{""oven"": 1}",,,,
2025-08-29T18:09:40.505708,1756462180.5057087,,19.774087016114848,"{""oven"": 1}",,,,
2025-08-29T18:09:40.557660,1756462180.5576599,,19.77098649870473,"{""oven"": 1}",,,,
2025-08-29T18:09:40.606051,1756462180.6060514,,19.77587404536695,"{""oven"": 1}",,,,
2025-08-29T18:09:40.655975,1756462180.6559753,,19.777302427911863,"{""oven"": 1}",,,,
2025-08-29T18:09:40.705764,1756462180.705764,,19.77901365414409,"{""oven"": 1}",,,,
2025-08-29T18:09:40.749712,1756462180.749713,,19.793551275716254,"{""oven"": 1}",,,,
2025-08-29T18:09:40.923063,1756462180.9230638,,19.528312265546194,"{""oven"": 1}",,,,
2025-08-29T18:09:41.067841,1756462181.0678418,,19.33206280298742,"{""oven"": 1}",,,,
2025-08-29T18:09:41.127386,1756462181.1273868,,19.315934695940864,"{""oven"": 1}",,,,
2025-08-29T18:09:41.178741,1756462181.1787412,,19.316788201182298,"{""oven"": 1}",,,,
2025-08-29T18:09:41.234111,1756462181.2341113,,19.309447198073737,"{""oven"": 1}",,,,
2025-08-29T18:09:41.281242,1756462181.2812424,,19.31888880683788,"{""oven"": 1}",,,,
2025-08-29T18:09:41.321907,1756462181.3219073,,19.34130371562465,"{""oven"": 1}",,,,
2025-08-29T18:09:41.376060,1756462181.376061,,19.336375768767503,"{""oven"": 1}",,,,
2025-08-29T18:09:41.423845,1756462181.4238453,,19.344240109485064,"{""oven"": 1}",,,,
2025-08-29T18:09:41.469955,1756462181.4699557,,19.35536218582174,"{""oven"": 1}",,,,
2025-08-29T18:09:41.522594,1756462181.5225945,,19.353432736445587,"{""oven"": 1}",,,,
2025-08-29T18:09:41.559806,1756462181.5598068,,19.381976559543077,"{""oven"": 1}",,,,
2025-08-29T18:09:41.613552,1756462181.613552,,19.37774697982853,"{""oven"": 1}",,,,
2025-08-29T18:09:41.655607,1756462181.6556077,,19.39644202747264,"{""oven"": 1}",,,,
2025-08-29T18:09:41.708024,1756462181.708024,,19.394764812257154,"{""oven"": 1}",,,,
2025-08-29T18:09:41.753119,1756462181.7531197,,19.407307520095465,"{""oven"": 1}",,,,
2025-08-29T18:09:41.798070,1756462181.7980702,,19.420018381232516,"{""oven"": 1}",,,,
2025-08-29T18:09:41.847516,1756462181.8475168,,19.423957327211046,"{""oven"": 1}",,,,
2025-08-29T18:09:41.892475,1756462181.8924758,,19.436459506758943,"{""oven"": 1}",,,,
2025-08-29T18:09:41.943259,1756462181.9432597,,19.437729960375194,"{""oven"": 1}",,,,
2025-08-29T18:09:41.985395,1756462181.9853952,,19.45542383490211,"{""oven"": 1}",,,,
2025-08-29T18:09:42.037009,1756462182.0370095,,19.455017440873313,"{""oven"": 1}",,,,
2025-08-29T18:09:42.090482,1756462182.090482,,19.45111668991227,"{""oven"": 1}",,,,
2025-08-29T18:09:42.170836,1756462182.1728406,,19.397056595053073,"{""oven"": 1}",,,,
2025-08-29T18:09:42.239559,1756462182.2395594,,19.365287237127276,"{""oven"": 1}",,,,
2025-08-29T18:09:42.306059,1756462182.3060591,,19.33800680881851,"{""oven"": 1}",,,,
2025-08-29T18:09:42.362759,1756462182.3627589,,19.328911829238294,"{""oven"": 1}",,,,
2025-08-29T18:09:42.428377,1756462182.4283779,,19.30376598390263,"{""oven"": 1}",,,,
2025-08-29T18:09:42.485339,1756462182.4853396,,19.294484426112927,"{""oven"": 1}",,,,
2025-08-29T18:09:42.546891,1756462182.5468917,,19.277096575241853,"{""oven"": 1}",,,,
2025-08-29T18:09:42.605808,1756462182.605808,,19.264585122245386,"{""oven"": 1}",,,,
2025-08-29T18:09:42.658667,1756462182.6586676,,19.262904920001777,"{""oven"": 1}",,,,
2025-08-29T18:09:42.720194,1756462182.720194,,19.24601404970671,"{""oven"": 1}",,,,
2025-08-29T18:09:42.781595,1756462182.781596,,19.22952919540713,"{""oven"": 1}",,,,
2025-08-29T18:09:42.842321,1756462182.842321,,19.214400096628314,"{""oven"": 1}",,,,
2025-08-29T18:09:42.903585,1756462182.9035852,,19.198506933799624,"{""oven"": 1}",,,,
2025-08-29T18:09:42.955969,1756462182.955969,,19.197998618890004,"{""oven"": 1}",,,,
2025-08-29T18:09:43.016392,1756462183.0163922,,19.183788114444912,"{""oven"": 1}",,,,
2025-08-29T18:09:43.066489,1756462183.06649,,19.187230875099907,"{""oven"": 1}",,,,
2025-08-29T18:09:43.132459,1756462183.1324592,,19.163867937989398,"{""oven"": 1}",,,,
2025-08-29T18:09:43.192394,1756462183.1923947,,19.150873559263317,"{""oven"": 1}",,,,
2025-08-29T18:09:43.239108,1756462183.239108,,19.16005283562058,"{""oven"": 1}",,,,
